"UserName","LastName","FirstName","Email"
"admin","TRUONG","Ngoc Tuan","tntuan0712494@gmail.com"
"thaonguyen1","Nguyễn","Hương Thảo","thaonguyen1@gmail.com"
"thaonguyen2","Nguyễn","Hương Thảo","thaonguyen2@gmail.com"
"thaonguyen3","Nguyễn","Hương Thảo","thaonguyen3@gmail.com"
"thaonguyen4","Nguyễn","Hương Thảo","thaonguyen4@gmail.com"
"thaonguyen5","Nguyễn","Hương Thảo","thaonguyen5@gmail.com"
"thaonguyen6","Nguyễn","Hương Thảo","thaonguyen6@gmail.com"
"thaonguyen7","Nguyễn","Hương Thảo","thaonguyen7@gmail.com"
"thaonguyen8","Nguyễn","Hương Thảo","thaonguyen8@gmail.com"
"thaonguyen9","Nguyễn","Hương Thảo","thaonguyen9@gmail.com"
"thaonguyen10","Nguyễn","Hương Thảo","thaonguyen10@gmail.com"
"thaonguyen11","Nguyễn","Hương Thảo","thaonguyen11@gmail.com"
"thaonguyen12","Nguyễn","Hương Thảo","thaonguyen12@gmail.com"
"thaonguyen13","Nguyễn","Hương Thảo","thaonguyen13@gmail.com"
"thaonguyen14","Nguyễn","Hương Thảo","thaonguyen14@gmail.com"
"thaonguyen15","Nguyễn","Hương Thảo","thaonguyen15@gmail.com"
"thaonguyen16","Nguyễn","Hương Thảo","thaonguyen16@gmail.com"
"thaonguyen17","Nguyễn","Hương Thảo","thaonguyen17@gmail.com"
"thaonguyen18","Nguyễn","Hương Thảo","thaonguyen18@gmail.com"
"thaonguyen19","Nguyễn","Hương Thảo","thaonguyen19@gmail.com"
"thaonguyen20","Nguyễn","Hương Thảo","thaonguyen20@gmail.com"
"thaonguyen21","Nguyễn","Hương Thảo","thaonguyen21@gmail.com"
"thaonguyen22","Nguyễn","Hương Thảo","thaonguyen22@gmail.com"
"thaonguyen23","Nguyễn","Hương Thảo","thaonguyen23@gmail.com"
"thaonguyen24","Nguyễn","Hương Thảo","thaonguyen24@gmail.com"
"thaonguyen25","Nguyễn","Hương Thảo","thaonguyen25@gmail.com"
"thaonguyen26","Nguyễn","Hương Thảo","thaonguyen26@gmail.com"
"thaonguyen27","Nguyễn","Hương Thảo","thaonguyen27@gmail.com"
"thaonguyen28","Nguyễn","Hương Thảo","thaonguyen28@gmail.com"
"thaonguyen29","Nguyễn","Hương Thảo","thaonguyen29@gmail.com"
"thaonguyen30","Nguyễn","Hương Thảo","thaonguyen30@gmail.com"
"thaonguyen31","Nguyễn","Hương Thảo","thaonguyen31@gmail.com"
"thaonguyen32","Nguyễn","Hương Thảo","thaonguyen32@gmail.com"
"thaonguyen33","Nguyễn","Hương Thảo","thaonguyen33@gmail.com"
"thaonguyen34","Nguyễn","Hương Thảo","thaonguyen34@gmail.com"
"thaonguyen35","Nguyễn","Hương Thảo","thaonguyen35@gmail.com"
"thaonguyen36","Nguyễn","Hương Thảo","thaonguyen36@gmail.com"
"thaonguyen37","Nguyễn","Hương Thảo","thaonguyen37@gmail.com"
"thaonguyen38","Nguyễn","Hương Thảo","thaonguyen38@gmail.com"
"thaonguyen39","Nguyễn","Hương Thảo","thaonguyen39@gmail.com"
"thaonguyen40","Nguyễn","Hương Thảo","thaonguyen40@gmail.com"
"thaonguyen41","Nguyễn","Hương Thảo","thaonguyen41@gmail.com"
"thaonguyen42","Nguyễn","Hương Thảo","thaonguyen42@gmail.com"
"thaonguyen43","Nguyễn","Hương Thảo","thaonguyen43@gmail.com"
"thaonguyen44","Nguyễn","Hương Thảo","thaonguyen44@gmail.com"
"thaonguyen45","Nguyễn","Hương Thảo","thaonguyen45@gmail.com"
"thaonguyen46","Nguyễn","Hương Thảo","thaonguyen46@gmail.com"
"thaonguyen47","Nguyễn","Hương Thảo","thaonguyen47@gmail.com"
"thaonguyen48","Nguyễn","Hương Thảo","thaonguyen48@gmail.com"
"thaonguyen49","Nguyễn","Hương Thảo","thaonguyen49@gmail.com"
"thaonguyen50","Nguyễn","Hương Thảo","thaonguyen50@gmail.com"
"thaonguyen51","Nguyễn","Hương Thảo","thaonguyen51@gmail.com"
"thaonguyen52","Nguyễn","Hương Thảo","thaonguyen52@gmail.com"
"thaonguyen53","Nguyễn","Hương Thảo","thaonguyen53@gmail.com"
"thaonguyen54","Nguyễn","Hương Thảo","thaonguyen54@gmail.com"
"thaonguyen55","Nguyễn","Hương Thảo","thaonguyen55@gmail.com"
"thaonguyen56","Nguyễn","Hương Thảo","thaonguyen56@gmail.com"
"thaonguyen57","Nguyễn","Hương Thảo","thaonguyen57@gmail.com"
"thaonguyen58","Nguyễn","Hương Thảo","thaonguyen58@gmail.com"
"thaonguyen59","Nguyễn","Hương Thảo","thaonguyen59@gmail.com"
"thaonguyen60","Nguyễn","Hương Thảo","thaonguyen60@gmail.com"
"thaonguyen61","Nguyễn","Hương Thảo","thaonguyen61@gmail.com"
"thaonguyen62","Nguyễn","Hương Thảo","thaonguyen62@gmail.com"
"thaonguyen63","Nguyễn","Hương Thảo","thaonguyen63@gmail.com"
"thaonguyen64","Nguyễn","Hương Thảo","thaonguyen64@gmail.com"
"thaonguyen65","Nguyễn","Hương Thảo","thaonguyen65@gmail.com"
"thaonguyen66","Nguyễn","Hương Thảo","thaonguyen66@gmail.com"
"thaonguyen67","Nguyễn","Hương Thảo","thaonguyen67@gmail.com"
"thaonguyen68","Nguyễn","Hương Thảo","thaonguyen68@gmail.com"
"thaonguyen69","Nguyễn","Hương Thảo","thaonguyen69@gmail.com"
"thaonguyen70","Nguyễn","Hương Thảo","thaonguyen70@gmail.com"
"thaonguyen71","Nguyễn","Hương Thảo","thaonguyen71@gmail.com"
"thaonguyen72","Nguyễn","Hương Thảo","thaonguyen72@gmail.com"
"thaonguyen73","Nguyễn","Hương Thảo","thaonguyen73@gmail.com"
"thaonguyen74","Nguyễn","Hương Thảo","thaonguyen74@gmail.com"
"thaonguyen75","Nguyễn","Hương Thảo","thaonguyen75@gmail.com"
"thaonguyen76","Nguyễn","Hương Thảo","thaonguyen76@gmail.com"
"thaonguyen77","Nguyễn","Hương Thảo","thaonguyen77@gmail.com"
"thaonguyen78","Nguyễn","Hương Thảo","thaonguyen78@gmail.com"
"thaonguyen79","Nguyễn","Hương Thảo","thaonguyen79@gmail.com"
"thaonguyen80","Nguyễn","Hương Thảo","thaonguyen80@gmail.com"
"thaonguyen81","Nguyễn","Hương Thảo","thaonguyen81@gmail.com"
"thaonguyen82","Nguyễn","Hương Thảo","thaonguyen82@gmail.com"
"thaonguyen83","Nguyễn","Hương Thảo","thaonguyen83@gmail.com"
"thaonguyen84","Nguyễn","Hương Thảo","thaonguyen84@gmail.com"
"thaonguyen85","Nguyễn","Hương Thảo","thaonguyen85@gmail.com"
"thaonguyen86","Nguyễn","Hương Thảo","thaonguyen86@gmail.com"
"thaonguyen87","Nguyễn","Hương Thảo","thaonguyen87@gmail.com"
"thaonguyen88","Nguyễn","Hương Thảo","thaonguyen88@gmail.com"
"thaonguyen89","Nguyễn","Hương Thảo","thaonguyen89@gmail.com"
"thaonguyen90","Nguyễn","Hương Thảo","thaonguyen90@gmail.com"
"thaonguyen91","Nguyễn","Hương Thảo","thaonguyen91@gmail.com"
"thaonguyen92","Nguyễn","Hương Thảo","thaonguyen92@gmail.com"
"thaonguyen93","Nguyễn","Hương Thảo","thaonguyen93@gmail.com"
"thaonguyen94","Nguyễn","Hương Thảo","thaonguyen94@gmail.com"
"thaonguyen95","Nguyễn","Hương Thảo","thaonguyen95@gmail.com"
"thaonguyen96","Nguyễn","Hương Thảo","thaonguyen96@gmail.com"
"thaonguyen97","Nguyễn","Hương Thảo","thaonguyen97@gmail.com"
"thaonguyen98","Nguyễn","Hương Thảo","thaonguyen98@gmail.com"
"thaonguyen99","Nguyễn","Hương Thảo","thaonguyen99@gmail.com"
